dt,AverageTemperature,Country,oil_production
1990,-4.02292,Russia,5999.812
1990,9.52158,United States,4845.259
1990,26.0188,Saudi Arabia,3984.946
1990,24.7037,Africa,3696.372
1990,9.32042,Europe,2595.16
