dt,AverageTemperature,Country,coal_production
1990,7.636,China,6279.52
1990,9.52158,United States,6260.927
1990,9.32042,Europe,5708.192
1990,-4.02292,Russia,2158.076
1990,9.6895,Germany,1454.182
