dt,AverageTemperature,Country,gas_production
1990,-4.02292,Russia,5995.9
1990,9.52158,United States,4833.779
1990,9.32042,Europe,2431.962
1990,-5.02192,Canada,1034.478
1990,15.9264,Turkmenistan,792.426
