dt,AverageTemperature,Country,gas_production
2013,11.2971,United States,6556.927
2013,-2.26313,Russia,6144.962
2013,9.67025,Europe,2800.252
2013,25.2088,Africa,1991.017
2013,28.5738,Qatar,1678.892
