dt,AverageTemperature,Country,solar_consumption
2013,9.67025,Europe,222.575
2013,9.23525,Germany,79.393
2013,14.165,Italy,55.272
2013,11.2971,United States,41.066
2013,14.8589,Spain,33.567
