dt,AverageTemperature,Country,wind_consumption
2013,9.67025,Europe,635.235
2013,11.2971,United States,434.051
2013,9.295,China,353.99
2013,14.8589,Spain,142.777
2013,9.23525,Germany,135.02
